eid,ename
0,车辆型式
1,动车
2,拖车
3,带司机室动车(Mc)
4,无司机室动车(M)
5,带司机室拖车(Tc)
6,无司机室拖车(T)
7,建筑限界
8,隧道建筑限界
9,高架建筑限界
10,地面建筑限界
11,矩形隧道建筑限界
12,马蹄形隧道建筑限界
13,圆形隧道建筑限界
14,地铁线路
15,正线
16,干线
17,支线
18,配线
19,车场线
20,车辆基地出入线
21,联络线
22,折返线
23,停车线
24,渡线
25,安全线
26,运营维修
27,检测
28,维修
29,规定
30,隧道内
31,超高
32,高架线
33,地下线
34,地面车站
35,地面线
36,车场库内线
37,钢轨接头
38,曲线内股
39,钢轨
40,无砟道床地段
41,无砟道床
42,有砟道床
43,技术性能
44,扣压件形式
45,道岔
46,辙叉部位
47,减振级别
48,中等减振
49,高等减振
50,特殊减振
51,设置
52,制作
53,设
54,安装
55,线路标志
56,百米标
57,坡度标
58,曲线要素标
59,平面曲线起终点标
60,竖曲线起终点标
61,道岔编号标
62,站名称
63,桥号标
64,水位标
65,信号标志
66,限速标
67,停车位置标
68,警冲标
69,绿色能源
70,光伏发电
71,重要的负荷
72,一级负荷
73,主变电所
74,变电所
75,电源开闭所
76,牵引变电所
77,降压变电所
78,遮阳措施
79,罩
80,盖
81,电力调度系统(主站)
82,电力监控系统
83,变电所综合自动化系统(子站)
84,专用数据传输通道
85,电力调度系统
86,综合监控系统
87,专用通信系统
88,地铁通信系统
89,民用通信引入系统
90,公安通信系统
91,电气装置
92,供电系统
93,设施
94,重要语音
95,有线及无线调度
96,中心广播
97,自愈保护环
98,传输系统
99,民用传输系统
100,设备
101,移动通信引入系统
102,集中监测告警系统
103,公安视频监视系统
104,公安无线通信引入系统
105,公安数据网络
106,单程车票
107,车票
108,储值车票
109,其他票种
110,一票制
111,票制
112,区域制
113,分区制
114,计程计时制
115,计程限时制
116,计次制
117,行车指挥
118,现代运营管理需要
119,防灾安全
120,乘客服务
121,控制中心子系统
122,乘客信息系统
123,车站子系统
124,车载子系统
125,网络子系统
126,广告管理子系统
127,信息源
128,控制功能
129,中心播出控制层
130,车站/车载播出控制层
131,车站/车载播出设备
132,数字式
133,时间信息显示方式
134,模拟指针式
135,通道门
136,监控对象
137,设备房
138,控制室
139,档案库房
140,其他监控对象
141,财务室(库房)
142,材料库房
143,培训设备室
144,重要维修
145,测试设备
146,线网中央级系统
147,门禁系统
148,线路中央级系统
149,车站级系统
150,现场级系统
151,终端设备
152,传输网络
153,电源
154,门禁卡
155,服务器
156,监控管理工作站
157,授权工作站
158,授权读卡器
159,打印机
160,局域网设备
161,不间断电源
162,车站工作站
163,运营控制中心(OCC)
164,地铁
165,运营监控区
166,控制中心
167,运营管理区
168,设备区
169,维修区
170,辅助设备区
171,门体
172,站台门系统
173,门机
174,控制
175,固定门
176,站台门
177,滑动门
178,应急门
179,中央控制盘
180,站台门控制系统
181,就地控制盘
182,门控单元
183,就地控制盒
184,控制局域网
185,接口模块
186,车辆段(停车场)
187,设计
188,综合维修中心
189,物资总库
190,培训中心
191,生产
192,办公
193,坑深
194,检查坑
195,列检检查坑
196,技术措施
197,雨水集蓄设施
198,部位
199,车站站台
200,楼板
201,楼梯
202,耐久性要求
203,抗压
204,抗裂
205,抗冻
206,抗侵蚀性
207,双道防线
208,防水混凝土
209,全包防水层
210,综合防治措施
211,噪声
212,振动
213,资源
214,用房
215,共享
216,附属设施
217,声屏障
218,附加荷载
219,风荷载
220,排水设施
221,桥涵
222,隧道
223,车站
224,因素
225,河流特性
226,水流性质
227,河道形状
228,地质条件
229,通风
230,照明
231,卫生
232,防灾
233,两类
234,活动
235,固定
236,构件
237,工程地质
238,水文地质
239,埋深
240,安全
241,交通条件
242,投资
243,有关顶进桥涵的规定
244,《铁路桥涵设计基本规范》TB 10002．1
245,结构形式
246,受力要求
247,施工方法
248,气象条件
249,变形缝
250,间距
251,具体情况
252,工程地质水文地质条件
253,风险源的种类
254,风险的性质
255,接近程度
256,双道防水
257,吉那和欧米茄止水带
258,地下车站
259,地铁内部空气环境范围
260,区间隧道
261,高架车站
262,组织运行
263,全封闭式
264,安防设施
265,监控
266,安全防护系统
267,主要客运通道
268,城市客运量大
269,城市总体规划
270,政府主管部门
271,城市轨道交通线网规划
272,近期建设规划
273,双线线路
274,右侧行车
275,文件
276,线路
277,各
278,批准
279,政府主编部门
280,设计运输能力
281,相应年限
282,《城市轨道交通技术规范》GB 50490
283,现行国家标准
284,地铁运营线路
285,首条
286,每条
287,后建
288,《地铁车辆通用技术条件》GB/T 7928
289,有关规定
290,《城市轨道交通车辆组装后的检查与试验规则》GB/T 14894
291,内部
292,阻燃材料
293,无卤
294,低烟
295,侵袭
296,风
297,沙
298,雨
299,雪
300,第6.2.1条
301,规范
302,受电
303,接触网受电弓
304,接触轨受流器
305,车
306,新造
307,同一
308,3％
309,重量值
310,起动
311,列车
312,地铁车辆
313,同一城市
314,车辆
315,两节
316,连接
317,抗拉强度
318,足够
319,墙板
320,内外
321,隔热
322,吸湿性小
323,膨胀率低
324,性能稳定
325,隔声
326,材料
327,供电
328,浮充电蓄电池
329,《铁路应用 机车车辆电气设备 第Ⅰ部分：一般使用条件和通用规则》GB/T 21413.1
330,现行行业标准
331,系统
332,车门控制
333,应急通风
334,应急照明
335,外部照明
336,车载安全设备
337,通信
338,广播
339,后
340,45min
341,一次
342,开关门
343,二级绝缘
344,短路保护用空气断路器
345,正极
346,负极
347,其他
348,端部
349,之间
350,过站限界
351,区间限界
352,坐标系
353,平面直角坐标
354,轨道中心线
355,两钢轨轨顶中心连线
356,通过
357,中点
358,水平坐标轴
359,单线圆形
360,单线马蹄形
361,安全间隙
362,100mm
363,设备限界
364,相邻两线
365,50mm
366,电设备
367,强
368,弱
369,线路两侧
370,分别
371,电干扰距离
372,道岔转辙机
373,单渡线区域
374,交叉渡线区域
375,高架区间
376,双线
377,弱电
378,强电
379,结构墙
380,站台板下
381,电缆通道
382,站台内
383,结构墙体
384,功能定位
385,运营
386,特殊地形地区
387,山地城市
388,比较
389,技术经济
390,排水措施
391,有效
392,坡段
393,竖曲线
394,缓和曲线
395,超高顺
396,中间站
397,一般
398,单渡线
399,其他配线
400,站前
401,强度
402,弹性
403,适量
404,现代化
405,机械化
406,地段
407,不足50m
408,曲线地段
409,250m
410,递减
411,直线地段
412,U形结构
413,1/2
414,外轨抬高超高值
415,内轨降低超高值
416,内
417,长度不足
418,直线段
419,道床结构
420,一种
421,200m
422,不同类型
423,异型钢轨
424,零部件
425,扣件
426,一致
427,类型
428,相邻区间
429,扣压件
430,不同
431,减振地段
432,出入线
433,试车线
434,一次铺设无缝线路
435,一个单元轨节
436,工程
437,每个
438,减振轨道类型
439,过多
440,减振产品
441,标志
442,各种
443,其余
444,位置
445,司机易见
446,右侧
447,主要材料
448,地下使用
449,阻燃
450,耐火
451,产品
452,用电负荷
453,动力照明
454,各类
455,双重
456,进线电源
457,要求
458,变电所一、二级负荷
459,牵引整流机组
460,两套
461,一套
462,供电分区
463,两相邻
464,不设车辆检查坑
465,两座
466,相邻
467,低压母线
468,两段
469,蓄电池
470,正常运行
471,连续供电
472,交流停电
473,铝合金汇流排
474,“Π”形
475,“T”形
476,架空接触网
477,地上区段
478,架空地线
479,每隔200m
480,回路
481,同一重要
482,支架
483,不同层
484,电力电缆
485,单洞单线隧道内
486,左侧
487,沿行车方向
488,单洞双线隧道内
489,手动隔离开关
490,带接地刀闸
491,衔接处
492,车辆基地
493,远期负荷
494,大双边供电
495,电缆根数
496,安装位置
497,接触轨
498,安装误差
499,可靠接触确定
500,相对运动
501,接地方式
502,金属层
503,车站公共区
504,地下
505,地上
506,管材
507,硬质非金
508,轨道下
509,需要
510,系统稳定与发展
511,运行要求
512,变电所无人值守
513,监测情况
514,杂散电流
515,接地线
516,最大值
517,保护地线截面
518,电磁兼容性
519,具体位置
520,均流线
521,电缆
522,通信设备
523,交流供电
524,集中供电
525,交流不间断电源方式
526,接地系统设计
527,网络管理系统间
528,集中告警系统
529,通信各子系统
530,硬件接口
531,标准
532,通用
533,通信协议
534,托板
535,托架
536,线缆
537,车载台无线天线
538,径路
539,光缆
540,敷设
541,分开
542,通信主干电缆
543,地下线路
544,防护层
545,抗电气化干扰
546,布置
547,合理
548,地区用户线传输衰耗
549,所管辖范围
550,视觉信息
551,列车运行
552,救灾
553,乘客疏导
554,图像摄取
555,图像显示
556,录像
557,视频信号传输
558,功能
559,监视
560,控制优先级
561,循环显示
562,任意定格与锁闭
563,图像选择
564,不间断实时录像
565,摄像范围控制
566,字符叠加
567,远程电源控制
568,专用直通电话
569,行车值班员
570,处所
571,车辆基地信号楼
572,电力值班人员
573,防灾环控值班人员
574,行车和防灾广播
575,正线运营广播系统
576,区域
577,10-7
578,以上
579,10-6
580,多路输出接口
581,指针式
582,信息平台
583,电子办公
584,信息发布
585,日常运作和管理
586,资源管理
587,人员交流
588,需求
589,运营单位
590,供电需求
591,地铁范围内
592,隧道空间
593,城市公安无线通信系统
594,既有
595,原则
596,设备合理布置
597,地铁通信设备用房
598,合理要求
599,布线
600,故障导向安全
601,安全系统
602,采用
603,地铁行车组织
604,运营管理
605,运营要求
606,地铁大运量
607,高密度行车
608,不同列车编组
609,行车交路
610,维护管理
611,超出
612,严禁
613,侵入
614,信号设备
615,高架
616,地面线路
617,列车控制方式
618,连续式
619,首尾两端
620,运营列车
621,AFC系统
622,不同水平
623,线网运营和管理
624,密钥系统
625,统一的
626,车票制式标准
627,用户权限管理
628,接口
629,相关系统
630,运营模式
631,操作简单
632,方便快速
633,信息提示
634,清晰
635,能力
636,连续24h不间断工作
637,专用传输通道
638,自动售检票系统
639,三级网络
640,中央计算机系统
641,中央计算机系统之间
642,标准开放
643,网络通信接口
644,“一卡通”系统
645,储值票
646,乘客
647,自动检票机
648,通道
649,时段客流方向明显
650,独立
651,付费区
652,空间
653,排队购票
654,分管
655,分槽
656,围栏立柱
657,设备尺寸
658,维护操作
659,信息传输网络
660,联动控制
661,触发装置
662,自动
663,手动
664,车站封闭式
665,地面
666,站厅
667,场所
668,火灾危险性
669,火灾自动报警探测器
670,房间
671,区间消火栓
672,公共区域
673,乘客活动
674,图形显示装置
675,消防控制室
676,消防控制室之间
677,按线路设置
678,警报器
679,声
680,光
681,供电回路
682,专用
683,封闭式线槽保护方式
684,防火分区
685,事务数据管理
686,被集成系统
687,管理
688,时互联系统
689,联动控制功能
690,基础
691,满足要求
692,故障信息
693,重要
694,工业级网络
695,可靠
696,可维护
697,易扩展
698,控制产品
699,增减
700,便于
701,现代运营管理
702,构建
703,骨干网
704,配置
705,运营辅助管理功能
706,运营数据统计
707,操作员培训
708,决策支持
709,设备状态自动监视
710,数量
711,便于增减
712,上层信息管理系统
713,控制命令
714,系统监控
715,传输时间
716,设备状态变化反映时间
717,特点
718,地铁系统
719,线路敷设方式
720,所属地域的气候条件
721,环境与设备监控系统
722,基本原则
723,分散控制
724,集中管理
725,资源共享
726,同一时间只发生一次火灾
727,信息处理能力
728,完备的
729,获得的数据
730,独立设置
731,编制
732,组成
733,分层、分布式计算机控制系统
734,车站及中央级监控功能
735,合用
736,车站自动或手动火灾模式指令
737,车站防烟、排烟模式
738,停车位置
739,火灾部位信息
740,隧道防排烟模式
741,车站乘客导向标识系统
742,应急照明系统
743,各排水泵房危险水位
744,空调
745,供暖
746,优化运行
747,系统设备
748,监控系统软件平台
749,成熟
750,开放
751,开放性接口
752,良好、通用的
753,发展趋势
754,计算机软件
755,自动化
756,系统维护
757,完整的
758,诊断
759,人机界面
760,良好的
761,数据流
762,现场调试
763,长期
764,分阶段
765,运行
766,已运行的系统
767,结构
768,模块化
769,组件化
770,开放性
771,扩展性
772,可移植性
773,硬件集成环境
774,不同方式
775,软件配置形态
776,技术
777,冗余
778,容错
779,自恢复
780,金属套管
781,同一根
782,信息
783,新闻
784,天气预报
785,道路交通
786,公共信息
787,公益广告
788,服务功能
789,乘客被动式
790,多媒体导乘信息获取
791,主动式多媒体咨询
792,查询
793,媒体格式
794,文字
795,图片
796,视频信息
797,优先级别定义功能
798,数据传送
799,数据显示
800,数据
801,定义级别高
802,多区域屏幕
803,每个区域可独立控制
804,分割功能
805,单独播出列表
806,专业接口
807,时钟系统
808,信号系统
809,地铁内部
810,外部信息源接口
811,数字电视
812,无线电视
813,有线电视
814,信息功能
815,调停
816,折返
817,回库
818,时间
819,指定的
820,地点
821,全面的
822,实时的
823,阻燃屏蔽电缆
824,重要设施的通道门
825,涉及安全的
826,出入口监控
827,安全管理
828,系统标准
829,车站级以下
830,重要的
831,无人值班的
832,门禁
833,一级安全等级
834,常用门
835,一个
836,不间断工作
837,7×24h
838,断电释放
839,受控房间
840,任意
841,门体受力
842,最合适
843,建筑专业
844,单条或多条
845,方便运营管理
846,防灾和应急指挥
847,办公管理和生活设施
848,运营调度管理
849,技术管理
850,生产和作业管理
851,专业的
852,消防
853,预留空间
854,检修
855,更新改造
856,安全功能
857,防火
858,防水
859,防鼠
860,专业的要求
861,选择
862,管线
863,敷线方式
864,电缆井
865,温差
866,模拟屏
867,防排烟
868,闭路电视监视系统
869,自动扶梯
870,公共交通型
871,自动人行道
872,节电功能
873,变频调速
874,事故疏散用
875,连续运行时间
876,控制装置
877,就地级
878,车站级
879,额定速度
880,上水平段
881,三方通话
882,无粉尘
883,漏水
884,不应
885,渗水
886,消防电梯
887,开门宽度
888,电梯
889,接口条件
890,信号
891,综合监控(或环境与设备监控)
892,低压配电
893,动作力
894,单边滑动门
895,列车停车精度
896,正常的
897,开放的
898,硬障碍物
899,40mm
900,配套设施
901,生活
902,方针
903,节约用地
904,节约能源
905,检修制度
906,相结合
907,动力房屋
908,空气压缩机间
909,变配电所
910,给水所
911,锅炉房
912,隔离栅栏
913,通透的
914,实用
915,美观
916,车载通信信号设备
917,配备车辆
918,更衣休息
919,工作人员
920,房屋
921,动力
922,给排水
923,综合利用
924,节约用水
925,就近排放
926,集中
927,地区
928,日照充足
929,降温
930,自然通风
931,复杂
932,修复
933,困难
934,高密度
935,制定
936,建设时序
937,线路设计长度
938,统筹布设
939,停车场
940,吸收
941,再生制动能量吸收装置
942,过负荷能力
943,配电线路
944,馈电
945,变电所接地装置
946,降低
947,通信系统
948,录音
949,公务电话系统
950,预留
951,保证
952,专用电话系统
953,视频监视系统
954,办公自动化系统
955,传输通道
956,确定
957,建立
958,实现
959,数据通信
960,选定
961,自动充值机
962,充值
963,自动验票机
964,查验
965,便携式验票机
966,通行
967,车站终端设备
968,电气连接
969,金属管
970,槽
971,接线盒
972,分线盒
973,可靠接地
974,预埋管
975,避开
976,盒
977,系统设备用房
978,车站火灾自动报警系统
979,显示
980,设置部位
981,适应
982,UPS电源装置
983,蓄电池型应急控制电源系统
984,实时监控
985,结合
986,有关信息
987,通信系统传输网络
988,组建
989,组网
990,本规范第15章
991,执行
992,电力监控子系统功能
993,增加
994,本规范第21章
995,环境与设备监控子系统功能
996,本规范第19章
997,火灾自动报警子系统功能
998,综合监控系统设备
999,提供
1000,获取
1001,数据交换
1002,终端显示设备
1003,集成
1004,发布
1005,火灾自动报警系统
1006,防烟、排烟系统
1007,正常通风系统
1008,统一监控
1009,监测
1010,车站控制室
1011,重要设备用房
1012,实时计量
1013,计量装置
1014,统计分析
1015,照明系统
1016,开发
1017,环境与设备监控系统软件
1018,系统软件
1019,不应共用
1020,电源线
1021,不应敷设
1022,优先处理
1023,接收
1024,时钟系统接口
1025,同步
1026,时钟信息
1027,综合监控系统信息
1028,接受
1029,乘客信息系统与外部信息源接口
1030,相适应
1031,门禁系统构成
1032,设备配置和布置
1033,遵循
1034,明确
1035,系统设计
1036,包括
1037,门套门
1038,自成系统
1039,监控管理层系统
1040,互联
1041,失效
1042,出门按钮
1043,打开
1044,通用授权卡
1045,明装
1046,读卡器
1047,暗装
1048,协调配合
1049,安装方式
1050,电子锁
1051,监控管理
1052,靠近
1053,接近
1054,工艺设计
1055,相邻设置
1056,紧急事件指挥室
1057,交接班室
1058,打印室
1059,玻璃隔断
1060,合设
1061,演示室
1062,不宜设在
1063,中央控制室
1064,倾斜区段
1065,下水平段
1066,兼做
1067,不宜采用
1068,井道顶部
1069,轮椅升降机
1070,不得作为
1071,控制模式
1072,不宜有
1073,设置区域
1074,防护等级
1075,匹配
1076,开、关过程时间
1077,均应对应
1078,不应影响
1079,上传
1080,重要状态
1081,监视系统
1082,接地
1083,综合治理
1084,车辆基地设计
1085,合建组成
1086,双周/三月检库
1087,停车列检库(棚)
1088,定修库
1089,检修厂房
1090,规模
1091,合并设置
1092,列车运转调度
1093,检修调度
1094,防灾调度
1095,影响
1096,活塞风
1097,两轨动态不平顺度
1098,竖向变形差
1099,桥墩
1100,撞击
1101,汽车
1102,撞击力
1103,动力大小
1104,自动调整制
1105,制动能量
1106,多余能量
1107,增设
1108,全线轨道部件
1109,统一
1110,过渡方式
1111,长度
1112,有砟道床地段
1113,位移观测桩
1114,电气设备
1115,地铁外部电源方案
1116,其他负荷接入
1117,不应接地
1118,合建
1119,运营高峰小时行车密度
1120,计算确定
1121,车辆编组
1122,车辆类型
1123,特性
1124,线路资料
1125,退出运行
1126,双边供电
1127,地上线接触网
1128,控制电缆
1129,接触网
1130,根数
1131,截面
1132,开孔部位
1133,孔洞处
1134,阻火封堵
1135,照明负荷
1136,交叉配电
1137,分组控制
1138,明敷
1139,通信、信号电缆
1140,金属电缆支架
1141,防腐处理
1142,抑制
1143,减少
1144,地铁外部
1145,非电气连接
1146,其他结构钢筋
1147,金属管线
1148,接地装置
1149,排流设施
1150,使用
1151,直流牵引供电设备
1152,绝缘安装
1153,外露可导电部分
1154,接触电位差
1155,跨步电位差
1156,录音设备
1157,集中设置
1158,车辆限界
1159,地铁光缆网
1160,建设
1161,光缆数量
1162,规划
1163,容量
1164,光缆径路
1165,通信电缆
1166,强电电缆
1167,电力电缆同径路
1168,无线通信系统车载台
1169,地铁公务电话交换网络
1170,统一规划
1171,分期实施
1172,数据信息业务功能
1173,公务电话交换机
1174,调度专用功能
1175,控制中心调度员
1176,各车站值班员
1177,列车司机
1178,统一设置
1179,地铁运营和管理
1180,办公自动化软件平台
1181,实施
1182,移动通信引入
1183,专用通信传输系统
1184,面积
1185,沟
1186,管
1187,孔
1188,维修频度
1189,协调
1190,城市景观
1191,城市“一卡通”车票
1192,处理
1193,互连
1194,清分系统
1195,充值金额
1196,相关信息
1197,电源电缆
1198,自动灭火系统保护区
1199,报警区域
1200,划分
1201,等级
1202,气体自动灭火
1203,火灾探测器
1204,设置位置
1205,结合设置
1206,车站消防控制室
1207,车站综合控制室
1208,状态信息
1209,工作状态
1210,控制回路
1211,穿
1212,传输线路
1213,水平敷设
1214,管内
1215,穿入
1216,线网运营控制中心
1217,专用传输网络
1218,仿真测试平台
1219,其他功能
1220,车站数量
1221,上层信息管理系统功能
1222,接入
1223,站台门的开关门状态
1224,重要的故障信息
1225,信息服务
1226,火灾模式指令
1227,控制程序
1228,列车区间
1229,环境相关参数
1230,统计
1231,运行状况
1232,运行时间
1233,用能分类
1234,分项
1235,各用能系统
1236,大功率设备
1237,能耗
1238,应用软件
1239,电磁干扰
1240,避免
1241,屏蔽布线系统
1242,连续性
1243,应保持
1244,运营相关信息
1245,多类信息
1246,本系统的时钟
1247,标准时间信息
1248,列车到站时间
1249,列车到站时间信息
1250,综合监控信息
1251,外部信息源的信号
1252,同一根金属套管
1253,运营管理模式
1254,统一授权管理
1255,车站内
1256,设备用房
1257,管理用房
1258,通道的门
1259,进入
1260,综合监控
1261,安全区域
1262,公共区
1263,建筑装修
1264,门扇
1265,作用
1266,变形
1267,监控管理对象
1268,建设规模
1269,组织架构
1270,定员数量
1271,专业系统
1272,高层建筑
1273,结构诱导缝
1274,车站BAS
1275,消防梯
1276,透明结构形式
1277,土建结构
1278,BAS的监视
1279,维护
1280,站台侧
1281,防火隔离装置
1282,车站其他系统
1283,环境条件
1284,列车门
1285,手动开启
1286,列车客室门
1287,列车司机出入
1288,本站车站控制室
1289,参数
1290,下载
1291,修改
1292,接地端子
1293,废气
1294,废液
1295,废渣
1296,负荷中心
1297,当地的环境要求
1298,运用库
1299,联合检修库
1300,远期发展条件
1301,车辆段调度中心(DCC)
1302,雨水
1303,排水设备
1304,活塞通风道
1305,通风、空调设备
1306,工程安全风险设计
1307,地下结构设计
1308,边坡
1309,加固措施
1310,进风亭口部
1311,排烟风亭口部
1312,出入口口部
1313,楼梯第一级踏步
1314,自动扶梯工作点
1315,环境
1316,施工中
1317,建成后
1318,周围环境
1319,城市规划
1320,改变
1321,正线接触网
1322,主备两路电源
1323,刚性架空接触网
1324,柔性架空接触网
1325,接触网架空地线
1326,非带电金属体
1327,牵引变电所接地装置
1328,地铁隧道
1329,直埋电缆
1330,行车广播
1331,防灾广播
1332,站台门监控系统
1333,日常维修
1334,定期检修
1335,单独设置
1336,一次建成
1337,远期规模
1338,安全风险因素
1339,设计阶段
1340,各种风险
1341,地下结构设施
1342,新建结构
1343,地铁列车
1344,地铁工程设计
1345,安全可靠
1346,功能合理
1347,经济适用
1348,节能环保
1349,技术先进
1350,无人驾驶运行模式
1351,月平均温度
1352,最大相对湿度
1353,整备状态
1354,坡道上
1355,受流
1356,受流器
1357,受电弓
1358,故障及紧急情况下
1359,列车车门
1360,载荷大小
1361,再生制动
1362,轨道中心道床面
1363,应急疏散通道
1364,工程结构形式
1365,疏散平台
1366,区间
1367,同侧
1368,车辆侧门疏散模式
1369,充分依据
1370,区间地面线
1371,重叠
1372,组合布置
1373,站后折返
1374,尽端站
1375,车辆运行条件
1376,无轨底坡
1377,标准轨距
1378,无缓和曲线
1379,范围内
1380,困难地段
1381,计算
1382,浮充状态
1383,隔离开关处
1384,隧道入口
1385,乘车过程中
1386,系统外部接口
1387,系统处理
1388,火灾工况
1389,火灾情况
1390,运营管理的需要
1391,只在一个门上
1392,一个房间有多个门
1393,开门
1394,根据需要
1395,地铁线网
1396,每天
1397,不应少于20h
1398,每周
1399,不应少于140h
1400,每3h
1401,应能以100％制动载荷连续运行1h
1402,产品要求
1403,各支点
1404,跨越时
1405,构造措施
1406,无法满足无机房电梯布置要求
1407,液压电梯
1408,轿厢
1409,控制柜
1410,机房
1411,集油装置
1412,暴露于室外
1413,电梯井道
1414,土建工程
1415,运行时
1416,占用宽度
1417,具体土建情况
1418,停靠方式
1419,跨越变形缝
1420,一定范围内
1421,开、关门状态
1422,30min内
1423,完成开、关滑动门三次循环的需要
1424,城市杂用水系统
1425,使用要求
1426,排放
1427,排放标准
1428,防水套管
1429,壁板或底板
1430,给水水源
1431,无城市自来水
1432,两端
1433,措施
1434,排除余热要求
1435,不能满足
1436,供应
1437,空调系统
1438,需供应
1439,每个工作人员
1440,每小时
1441,环境要求
1442,所处的环境
1443,工作条件
1444,施工阶段
1445,桥梁结构
1446,施工荷载
1447,梁缝位置
1448,能力保护原则
1449,桥墩抗震
1450,顶梁
1451,更换支座
1452,车站结构横梁
1453,轨道梁简
1454,非机动车和机动车的停放场地
1455,可能
1456,限界要求
1457,距离
1458,站台地面装饰层
1459,冷却塔
1460,人行楼梯
1461,备用自动扶梯
1462,换乘车站
1463,焊接强度
1464,装配式支挡结构
1465,站台边缘
1466,集散场地
1467,城市主干道
1468,直线距离
1469,排烟
1470,中间扶手
1471,宽度
1472,相对布置
1473,长度中心线
1474,站台端部
1475,门前等候区
1476,轨道区
1477,无砟桥面梁
1478,轨道
1479,有砟轨道桥梁
1480,静活载作用
1481,无砟轨道桥梁
1482,梁端处
1483,大于2‰
1484,桥跨结构
1485,横向摇摆力
1486,离心力
1487,风力
1488,温度力
1489,桥跨结构梁体
1490,列车活载作用
1491,列车活载
1492,车桥或风车桥系统
1493,防撞保护设施
1494,防护设施
1495,容许应力
1496,地震力
1497,轨道下枕底道砟厚度
1498,专门检查设备
1499,养护维修便道处
1500,普通钢筋
1501,混凝土水饱和
1502,轨道梁桥
1503,分开布置
1504,车站结构设计
1505,现行建筑结构设计规范
1506,悬臂端计算挠度
1507,最不利组合
1508,独柱纵向间距
1509,完全分开布置
1510,不利影响
1511,地下水处理
1512,含水地层
1513,分节顶进
1514,长度较大
1515,分布钢筋
1516,大于C60
1517,线路设施
1518,地下潜水位以上
1519,侵蚀性地层中
1520,试验
1521,鉴定
1522,技术要求
1523,接缝最大张开量
1524,错位量
1525,埋深水头的3倍水压
1526,远期最大能力
1527,30对/h
1528,安全检查设备
1529,线路功能定位
1530,服务水平
1531,系统运能
1532,线路走向
1533,起讫点
1534,车辆基地选址
1535,应急通信
1536,车辆客室
1537,维修保障
1538,系统运营人员
1539,定员
1540,运营定员指标
1541,检查
1542,车辆组装
1543,使用条件
1544,最大坡度
1545,特殊地形地区段
1546,直径
1547,车轮
1548,同轴
1549,两轮直径之差
1550,转向架
1551,各轮径差
1552,重量
1553,合同
1554,加速度
1555,水平中心线
1556,车钩
1557,高
1558,距
1559,渡板
1560,贯通道
1561,密封材料
1562,车体
1563,静态压力
1564,标称电压
1565,额定工作电压
1566,工作
1567,端门
1568,高度
1569,混凝土结构体
1570,轨旁设备
1571,带电部分
1572,间隙
1573,表15.3.3
1574,基本参数
1575,制定限界
1576,安装高度
1577,第15.3.21条
1578,结构高度
1579,表7.2.5-1
1580,计算速度
1581,最小宽度
1582,平面曲线最小半径
1583,全线盾构施工地段
1584,最大轨道超高
1585,矿山法施工地段
1586,隔断门
1587,内边缘
1588,门框
1589,矩形隧道
1590,间隔距离
1591,区间内
1592,一组
1593,另一组
1594,管线设备
1595,广告灯箱
1596,岛式车站
1597,信号机
1598,弱电电缆
1599,侧式车站
1600,外侧
1601,坡度
1602,最小坡度
1603,超高最大顺坡率
1604,轨道结构
1605,承载能力
1606,主体结构
1607,无砟轨道
1608,使用年限
1609,混凝土轨枕
1610,部件选型
1611,轨底坡
1612,两道岔间
1613,加宽值
1614,轨距加宽
1615,递减率
1616,曲线超高
1617,轨道曲线超高
1618,顺坡率
1619,最小厚度
1620,型式
1621,轮缘槽
1622,深度
1623,铺设数量
1624,有缝线路地段
1625,半径
1626,错接距离
1627,物理力学性能指标
1628,节点
1629,垂直静刚度
1630,动静比
1631,轨枕
1632,道岔钢轨
1633,强度等级
1634,材质要求
1635,弹性分开式扣件
1636,道床形式
1637,转辙器
1638,直向
1639,允许通过速度
1640,侧向
1641,过渡段
1642,间
1643,钢轨伸缩调节器
1644,行车方向
1645,车辆再生制动能量吸收装置
1646,供电系统设计
1647,功能性接地
1648,保护性接地
1649,防雷接地
1650,牵引网
1651,牵引降压混合变电所
1652,高、低压侧
1653,变电所配电变压器
1654,终端车站
1655,接触网供电
1656,自变电所
1657,变电所交、直流电源屏
1658,中压继电保护设置
1659,中压配电回路
1660,变压器
1661,强度安全系数
1662,柔性架空接触网设计
1663,避雷器
1664,固定支持架空接触网
1665,备用电源
1666,停车列检库
1667,静调库
1668,库线
1669,上网电缆
1670,回流电缆
1671,中压交流电力电缆
1672,电气柜
1673,盘
1674,控制屏
1675,电缆构筑物
1676,隔墙
1677,排水
1678,管槽
1679,其他设计要求
1680,系统构成
1681,功能要求
1682,通道条件
1683,联系主站
1684,子站
1685,设备选型
1686,系统容量
1687,功能配置
1688,杂散电流腐蚀防护
1689,接地电阻
1690,最小值
1691,接入设备
1692,中心控制设备
1693,车站控制设备
1694,广播系统
1695,车辆基地广播系统
1696,调度电话
1697,站间行车电话
1698,区间电话
1699,中心交换设备
1700,车站(车辆基地)交换设备
1701,录音装置
1702,网管设备
1703,自走时精度
1704,一级母钟
1705,二级母钟
1706,地铁民用通信引入系统
1707,民用电源系统
1708,监测中心设备
1709,被控端站监测设备
1710,公安视频监视系
1711,地铁公安通信系统
1712,公安电源系统
1713,机房及生产辅助用房
1714,车载设备
1715,地面设备
1716,ATP系统
1717,地面计算机设备
1718,ATP地面设备
1719,信息传输设备
1720,列车位置检测设备
1721,相关接口
1722,ATP车载计算机设备
1723,ATP车载设备
1724,测速设备
1725,人机显示设备
1726,车地通信设备
1727,三取二
1728,冗余结构
1729,二乘二取二
1730,ATO系统
1731,ATO车载计算机
1732,ATO车载设备
1733,基本信号显示
1734,系统技术条件
1735,线路中央计算机系统
1736,车站计算机系统
1737,半自动售票机
1738,自动售票机
1739,三级管理模式
1740,线路票务中心
1741,线网票务中心
1742,通道净距
1743,双向宽通道自动检票机
1744,灾备系统
1745,维修测试系统
1746,综合接地
1747,报警
1748,喷气
1749,风阀状态
1750,手/自动转换开关所处状态
1751,保护对象
1752,车辆停放车间
1753,维修车间
1754,可燃物品仓库
1755,变配电室
1756,地下区间隧道
1757,区间手动报警按钮
1758,火灾
1759,负荷等级
1760,主电源
1761,消防通信设备
1762,消防用电设备
1763,开关门状态
1764,控制器
1765,计算机设备
1766,车站环境
1767,车站环境和设备
1768,统计和分析
1769,能耗数据
1770,传输
1771,网络
1772,交换
1773,系统网络
1774,第15.4.1条
1775,本规范
1776,区间环境
1777,设备监控系统
1778,数据传输机制
1779,信号线
1780,屏蔽层
1781,现场机柜
1782,信息采集
1783,信号系统接口
1784,数据线
1785,设备用房门
1786,管理用房门
1787,授权卡
1788,时钟同步
1789,线网
1790,对象
1791,安全等级
1792,后备时间
1793,门禁车站级系统
1794,控制按钮
1795,系统接地
1796,建设模式
1797,总体规划
1798,中心地带
1799,整体工艺设计
1800,维护管理室
1801,值班
1802,顶层
1803,工艺要求
1804,电线
1805,维修用房
1806,办公管理用房
1807,其他各部位
1808,应急工作照明
1809,分区出入口
1810,主要通道
1811,重要房间
1812,传输设备
1813,倾斜角度
1814,梯级净宽
1815,曲率半径
1816,井道壁
1817,底面
1818,顶板
1819,底坑
1820,各项设施
1821,额定载重
1822,井道
1823,无机房电梯
1824,诱导缝
1825,设置处
1826,可视对讲装置
1827,平台面
1828,平台四周
1829,上下停靠位置
1830,新建线路
1831,设计荷载
1832,主要装置
1833,门体结构
1834,电气控制设备
1835,整体钢结构
1836,使用寿命
1837,开关过程时间
1838,重复精度
1839,噪声峰值
1840,手动解锁力
1841,平均无故障运行周期
1842,每侧站台门
1843,高站台门
1844,净高度
1845,低站台门门体
1846,范围内的适当位置
1847,站台
1848,连接部分
1849,车站结构
1850,刚度
1851,功率
1852,直流永磁电机
1853,关键命令
1854,响应
1855,状态
1856,探测
1857,障碍物探测功能
1858,驱动电源
1859,控制电源
1860,驱动后备电源
1861,储能
1862,系统控制电源模块
1863,隔离阻抗
1864,外电源
1865,配电电缆
1866,线槽
1867,设备室
1868,用地范围
1869,车辆段
1870,技术条件
1871,洗车线
1872,镟轮线
1873,车场线群外侧
1874,生产机构
1875,远期扩建
1876,各种库线
1877,受电方式
1878,列检列位
1879,坑内
1880,两端咽喉区
1881,联系车场
1882,走行线
1883,车辆内部清扫
1884,工具存放
1885,备品存放
1886,固定照明灯具
1887,列检库检查坑
1888,水量
1889,水压
1890,水质
1891,生产、生活和消防用水
1892,生活及粪便污水
1893,地铁车站
1894,生产废水
1895,结构渗漏水
1896,冲洗及消防废水
1897,口部雨水
1898,内部冲厕、绿化及地面冲洗水
1899,废水
1900,洗车库
1901,不符合国家规定
1902,城市污水排水系统
1903,车辆基地附近
1904,生活污水
1905,重复利用
1906,各类污、废水
1907,地铁工程
1908,国家现行有关排水标准
1909,排水体制
1910,屋面或钢筋混凝土水池(箱)
1911,地下结构外墙
1912,公共浴室
1913,食堂
1914,司机公寓
1915,热水系统
1916,变坡最高点
1917,室外给水管
1918,最低点
1919,状态及液位信息
1920,设备运行
1921,手/自动
1922,故障
1923,通风与空调系统
1924,地下车站公共区
1925,温度
1926,系统某一局部
1927,人群均布荷载
1928,标准值
1929,远期客流量
1930,地铁预测
1931,最大的通过能力
1932,近期
1933,远期
1934,正常通风
1935,新鲜空气量
1936,新风量
1937,10％
1938,总送风量
1939,不应少于
1940,地下车站设备
1941,总风量
1942,通风系统
1943,车站设备
1944,各房间内
1945,室外平均温度
1946,最冷月份
1947,严寒地区
1948,供暖装置
1949,可不设
1950,自防水
1951,混凝土结构
1952,地下工程
1953,混凝土垫层
1954,防水混凝土结构底板
1955,厚度
1956,软弱土层
1957,地下结构
1958,明挖法施工
1959,钢筋混凝土结构
1960,局部
1961,结构型式
1962,全部
1963,明挖敞口放坡施工
1964,复合墙
1965,塑料防水板
1966,防水板表面
1967,变形缝部位
1968,防水板
1969,平面铺设
1970,表面
1971,截面积
1972,密封垫沟槽
1973,1倍～1．15倍
1974,密封垫截面积
1975,温度变化影响
1976,隧道结构
1977,气温条件
1978,所处地区
1979,运营环境
1980,施工条件
1981,连接形式
1982,连接紧固件
1983,钢筋混凝土管片间
1984,机械性能等级
1985,地下环境无污染
1986,后期收缩小
1987,内部承重墙
1988,后砌
1989,分阶段、分等级、分对象
1990,工程建设期间
1991,投入使用
1992,地下工程建成
1993,场地
1994,方案
1995,工艺成熟
1996,安全稳妥
1997,可实施性好
1998,实施风险小
1999,建设时间
2000,桥墩类型
2001,钢筋混凝土桥墩
2002,桥梁
2003,铺设无砟轨道结构
2004,测点布置
2005,观测频次
2006,观测周期
2007,人群均布荷载值
2008,渗漏
2009,桥面水
2010,孔道
2011,箱内检查
2012,适当数量
2013,通风孔
2014,第10．4节
2015,有关要求
2016,标准化、模块化、集约化
2017,车站结构立柱、墙
2018,站台计算长度
2019,向内1m范围
2020,分隔
2021,付费区与非付费区
2022,平开栅栏门
2023,向疏散方向开启
2024,广告
2025,色彩
2026,噪声源
2027,车站轨道区
2028,造型
2029,车站出入口自动扶梯
2030,通过能力
2031,换乘设施
2032,相邻车站
2033,换乘节点
2034,相应区间
2035,线位
2036,同步实施
2037,站台层
2038,地上车站
2039,地下车站出入口
2040,通道口
2041,降压变电所位置
2042,横断面
2043,排水沟
2044,防止冲刷
2045,安全带内侧
2046,纵向醒目
2047,主通道
2048,管理用房有人区
2049,消防专用通道
2050,平面位置
2051,路肩挡土墙
2052,曲线路基加宽
2053,折线处
2054,总体布局
2055,城市综合交通规划
2056,环境保护
2057,关系
2058,地面建筑
2059,城市道路
2060,地下管线
2061,地下构筑物
2062,交通组织
2063,出入口
2064,道路两侧
2065,道路红线
2066,一定面积
2067,地面标高
2068,消防专用出入口
2069,无障碍电梯
2070,300mm～450mm
2071,室外地面
2072,槽高
2073,防淹闸槽
2074,建筑形式
2075,车站地面出入口
2076,弯折
2077,弯折角度
2078,消防疏散要求
2079,工作点间距
2080,障碍物间距
2081,开启净宽度
2082,呈坡度
2083,平整度误差
2084,站台全长
2085,无障碍电梯门前等候区
2086,侧站台宽度
2087,室外地面高差处
2088,电梯平台
2089,《无障碍设计规范》GB 50763
2090,热工设计
2091,建筑围护结构
2092,《公共建筑节能设计标准》GB 50189
2093,安全运行
2094,乘坐舒适
2095,无砟轨道结构
2096,沉降观察基准点
2097,徐变上拱度
2098,预应力混凝土简支梁
2099,后期徐变上拱值
2100,连续梁轨道
2101,无砟桥面预应力混凝土
2102,后期徐变量
2103,轨道专业
2104,梁单端竖向转角
2105,轨道扣件
2106,上拔力
2107,梁体水平挠度
2108,一条线
2109,同一横断面
2110,耦合振动
2111,自重
2112,桥梁挡板结构
2113,水平推力
2114,竖向压力
2115,《铁路工程抗震设计规范》GB 50111
2116,特殊结构桥梁
2117,预应力混凝土
2118,区间桥梁
2119,结构设计
2120,构造要求
2121,《铁路桥涵钢筋混凝土和预应力混凝土结构设计规范》TB 10002．3
2122,地基
2123,容许承载力
2124,单桩轴向
2125,梁
2126,不大于20m
2127,《铁路桥梁板式橡胶支座》TB/T 1893
2128,取值
2129,胶垫层
2130,高架结构
2131,牵引
2132,走行轨回流
2133,《地铁杂散电流腐蚀防护技术规程》CJJ 49
2134,防止杂散电流腐蚀
2135,便道
2136,养护
2137,检修车
2138,自行走行升降式桥梁
2139,截面尺寸
2140,钢筋混凝土
2141,预应力混凝土结构
2142,封锚及接缝处
2143,预应力混凝土梁
2144,裂缝
2145,防止裂缝
2146,路中
2147,路边
2148,腐蚀环境
2149,除冰盐溅射
2150,酸雨地区
2151,胶凝材料
2152,单一
2153,限值
2154,计算跨度
2155,悬臂构件
2156,独柱式带长悬臂“桥-建”组合结构体系
2157,恒载
2158,人群荷载
2159,预应力效应
2160,最大
2161,结构整体振动竖向质量参与系数
2162,自振频率
2163,高架车站结构
2164,横向三柱及以上
2165,《建筑抗震设计规范》GB 50011
2166,轨道梁
2167,车站高架结构
2168,其支承结构
2169,其他构件
2170,《混凝土结构设计规范》GB 50010
2171,有关建筑结构设计标准
2172,行车运营
2173,抗震
2174,防护
2175,防腐蚀
2176,施工
2177,分期建设
2178,工程建筑物
2179,其所在场地
2180,承受
2181,实际轴重
2182,动力作用
2183,荷载
2184,重型设备运输车辆
2185,计算荷载
2186,实际情况
2187,正常使用
2188,设备安装
2189,动力效应
2190,实际重量
2191,重型设备
2192,动力影响
2193,安装运输途径
2194,荷载大小与范围
2195,道路下方
2196,《公路桥涵设计通用规范》JTG D60
2197,铁路下方隧道
2198,混凝土
2199,大体积浇筑
2200,工期
2201,顶进法施工
2202,地基土质
2203,结构断面大小
2204,控制顶进方向
2205,中间各节长度
2206,变形量
2207,节间接口
2208,地铁结构
2209,施工缝位置及间距
2210,现浇混凝土
2211,经验
2212,类似工程
2213,地下结构周边构件
2214,配筋率
2215,中楼板每侧暴露面上分布钢筋
2216,最小配筋率
2217,建筑屋面
2218,结构防水
2219,车辆段上盖物业平台
2220,《屋面工程技术规范》GB 50345
2221,环境温度
2222,氯离子扩散系数
2223,装配式钢筋混凝土结构
2224,工程结构
2225,防水材料
2226,设备正常运转
2227,橡胶类材料
2228,良好弹性
2229,遇水膨胀性
2230,耐久性
2231,耐水性
2232,外形
2233,接缝密封垫
2234,估算
2235,不渗漏
2236,耐水压
2237,一字缝
2238,T字缝
2239,空调与供暖系统
2240,生理及心理条件要求
2241,人员
2242,空气质量
2243,地铁内部空气环境
2244,湿度
2245,气流组织
2246,气流速度
2247,压力变化
2248,监控系统
2249,危险品处理设施
2250,相关用房
2251,蓄电池箱
2252,专用端门
2253,下车设施
2254,道口板
2255,平过道
2256,无缝线路
2257,二级负荷
2258,三级负荷
2259,应急电源
2260,雷电过电压吸收装置
2261,直流馈线
2262,负母线
2263,浪涌保护器
2264,电压吸收装置
2265,刚柔过渡设施
2266,火花间隙
2267,工作与备用电缆
2268,隧道两侧
2269,绝缘结
2270,走行轨
2271,电缆检查井
2272,隧道外适当位置
2273,地铁供电系统
2274,排流钢筋网
2275,杂散电流监测
2276,上、下行轨道间
2277,控制中心调度台
2278,控制中心调度大厅内
2279,行车调度电话分机
2280,电力调度电话分机
2281,防灾环控调度电话分机
2282,数据接口
2283,培训系统
2284,独立网络系统间
2285,标准通道双向自动检票机
2286,火灾自动报警系统(FAS)
2287,区间变电所
2288,集中冷站
2289,配电室
2290,电缆隧道
2291,夹层
2292,手动报警装置
2293,手动报警按钮
2294,出入口通道
2295,警报音响
2296,警钤
2297,办公区走廊
2298,火灾报警控制器
2299,消防联动控制器
2300,直流备用电源
2301,综合监控系统(ISCS)
2302,冗余局域网
2303,中央级综合监控系统
2304,网络管理系统
2305,培训管理系统
2306,控制中心楼宇
2307,车站/车辆基地综合监控系统
2308,环境与设备监控系统(BAS)
2309,救灾模式
2310,换乘站
2311,乘客信息系统(PIS)
2312,通信接口
2313,温度及湿度传感器
2314,各用能点
2315,网络安全保护措施
2316,非线性编辑器
2317,编辑录像机
2318,屏幕编辑预览装置
2319,一级门禁
2320,参观演示室
2321,参观接待室
2322,培训演示室
2323,强、弱电系统
2324,火灾自动报警
2325,环境与设备监控
2326,火灾事故广播
2327,自动灭火
2328,水消防
2329,保安值班室
2330,摄像监视装置
2331,自动人行道布置处
2332,预埋件
2333,预留吊装条件
2334,视频监视装置
2335,电梯内部
2336,预留孔
2337,预留槽
2338,起重吊环
2339,护栏
2340,一樘端门
2341,站台门设备室
2342,每侧站台出站端
2343,运用车间
2344,检修车间
2345,设备车间
2346,围蔽设施
2347,地面接触轨
2348,阶梯踏步
2349,动力及安全照明插座
2350,管道
2351,太阳能热水系统
2352,排气阀
2353,泄水阀
2354,活塞风泄流风井
2355,活塞风迂回风道
2356,机械通风系统
2357,供暖系统
2358,防水层
2359,注浆系统
2360,分区系统
2361,刚性或柔性永久保护层
2362,缓冲层
2363,桥面
2364,伸缩缝
2365,梁缝处
2366,箱梁腹板
2367,墩柱顶面
2368,排水坡
2369,支座
2370,车站出入口附近
2371,绝缘处理
2372,裕量
2373,换乘节点两侧
2374,空调候车室
2375,层数
2376,热风幕
2377,支挡结构
2378,安全防护带
2379,防滑地面
2380,安全防护带范围
2381,沉降缝
2382,排水系统
2383,路基
2384,车站设计
2385,乘客使用的楼梯
2386,站台长度方向
2387,坡道
2388,横向限位装置
2389,板式橡胶支座
2390,桥下
2391,北方地区
2392,地面车辆荷载及排列
2393,首节长度
2394,管片
2395,行车密度
2396,科技创新
2397,地铁设计
2398,节约资源
2399,集约化建设
2400,1435mm标准轨距
2401,远景线网规划
2402,城市形态
2403,客流分布状况
2404,发展需求
2405,技术经济合理原则
2406,线网规划
2407,线路运营
2408,安全要求
2409,工程条件
2410,系统设计能力
2411,电视监视
2412,运营管理资源
2413,各线条件
2414,本章规定
2415,线路条件
2416,供电条件
2417,海拔
2418,线路轨距
2419,最小平面曲线半径
2420,最小竖曲线半径
2421,供电电压
2422,密封
2423,耐磨
2424,平顺
2425,防滑
2426,防夹
2427,不易老化
2428,无损伤或异常磨耗
2429,受电器
2430,供电设施
2431,制动系统
2432,贯通
2433,表5.2.1
2434,表5.2.2
2435,相同
2436,保持顺直
2437,功能需要
2438,稳定性
2439,绝缘性
2440,质量均衡
2441,弹性连续
2442,结构等强
2443,合理匹配
2444,使用功能
2445,少维修
2446,标准化
2447,系列化
2448,不宜
2449,表7.2.2
2450,轨距加宽值
2451,曲线超高设置
2452,曲线超高值
2453,表7.2.5-2
2454,表7.2.7
2455,扣件产品相关技术条件
2456,扣件结构
2457,轨枕产品有关技术条件
2458,道岔结构
2459,道岔产品有关技术条件
2460,同一区间
2461,牢固稳定
2462,项目环评报告
2463,减振工程措施
2464,减振产品性能
2465,轨道标志
2466,经济技术综合比较
2467,设计方案
2468,体积小
2469,防潮要求
2470,城市电网现状及规划
2471,供电可靠性要求
2472,失电影响程度
2473,线路上的分布
2474,计算分析比选
2475,牵引负荷
2476,牵引整流机组容量
2477,正常运行方式
2478,现行行业标准《交流电气装置的过电压保护和绝缘配合》DL/T620
2479,过电压保护
2480,单独分段
2481,国家现行标准《电力装置的继电保护和自动装置设计规范》GB/T50062
2482,现行行业标准《铁路电力牵引供电设计规范》TB10009
2483,条件
2484,兼做回流
2485,车辆受流器
2486,现行国家标准《电力工程电缆设计规范》GB50217
2487,正常照明
2488,车站照明种类
2489,值班照明
2490,过渡照明
2491,现行国家标准《城市轨道交通照明》GB/T16275
2492,照明照度标准
2493,《建筑照明设计标准》GB50034
2494,国家现行标准《低压配电设计规范》GB50054
2495,《通用用电设备配电设计规范》GB50055
2496,《民用建筑电气设计规范》JGJ16
2497,近期建设规模
2498,地铁通信系统总体方案
2499,远期发展规划
2500,通信系统设备
2501,信号、轨道专业
2502,特殊规定
2503,现行行业标准《交流电气装置的接地设计规范》GB/T50065
2504,人身安全要求
2505,建设需求
2506,防撞击
2507,耐震动
2508,兼容
2509,互连互通
2510,电路
2511,安全认证
2512,信号工程
2513,便于维修
2514,便于测试
2515,更换
2516,现行国家标准《城市轨道交通信号系统通用技术条件》GB/T12758
2517,建设和经济发展状况
2518,本规范第15.4.1条
2519,防尘
2520,独立配置
2521,火灾自动报警系统现场级网络
2522,设备配置
2523,相互传输
2524,相互控制
2525,综合监控系统软件
2526,运营管理需求
2527,可根据需要设仿真测试平台
2528,不应大于2s
2529,不应小于10，000h
2530,系统平均无故障时间(MTBF)
2531,供电负荷
2532,环境与设备的监控
2533,相应产品或系统
2534,运营需求
2535,数据接口层
2536,数据处理层
2537,数据应用层
2538,稳定
2539,高效
2540,单站的调试
2541,不应大于1Ω
2542,不应共用电缆
2543,工业级标准
2544,地铁车站环境
2545,不应低于1h
2546,便于识别和操作
2547,操作
2548,维修及管理方便
2549,运营成本
2550,建筑设计
2551,竖向布线
2552,隐蔽敷设
2553,各系统总的散流要求
2554,不宜超过3℃
2555,维持正压
2556,分开设置
2557,低于正常照明的10％
2558,低于正常照明的30％
2559,本规范第15.4.1条的规定
2560,不应小于0.5m/s
2561,宜选用0.65m/s
2562,不应大于30°
2563,不应大于12°
2564,不宜小于1m
2565,不宜小于2m
2566,不宜小于1.5m
2567,《无障碍设计规范》GB 50763的有关规定
2568,不应小于800kg
2569,不应小于0.63m/s
2570,不应小于250kg
2571,不宜大于1.2m
2572,气候环境条件
2573,车站建筑形式
2574,通风与空调制式
2575,可扩展
2576,本规范第5章的有关规定
2577,各种运营模式的要求
2578,不应少于30年
2579,电磁兼容性要求
2580,可调节
2581,不应大于0.1s
2582,不应超过70dBA
2583,不应大于67N
2584,不应大于150N
2585,不应小于60万个周期
2586,每天运行20h
2587,运行强度
2588,每90s开/关1次
2589,全年连续运行的要求
2590,不应低于2m
2591,不应低于1.2m
2592,设计要求
2593,保证最不利条件
2594,正常开关
2595,单位独立设置
2596,相互独立
2597,不应小于5MΩ
2598,无等电位要求
2599,列车车厢
2600,初、近、远期结合
2601,国家现行相关标准的规定
2602,近期需要
2603,列车日常维修作业
2604,不应影响作业
2605,地铁给水系统设计
2606,单独排放
2607,远程控制
2608,区间主排水泵
2609,洞口雨水泵
2610,不高于35℃
2611,活塞通风
2612,不能达到
2613,结构使用要求
2614,抗渗等级要求
2615,管片接缝密封垫
2616,构造和结构受力要求
2617,地下结构形式
2618,轻质隔墙
2619,水文地质条件
2620,无砟轨道铺设要求
2621,道岔转辙器
2622,盖梁
2623,结点
2624,基础应作为能力保护构件
2625,系统功能要求
2626,售、检票方式
2627,设置条件
2628,导向、事故疏散、服务乘客的标志
2629,地面、高架车站
2630,城市规划、景观及环保要求
2631,超高峰设计换乘客流量
2632,气候条件
2633,流量
2634,用地情况
2635,路基宽度
2636,折线形
2637,市政排水设施
2638,排水畅通
2639,路基位置
2640,沿河地段路基
2641,当地规划部门要求
2642,当地防淹要求
2643,当地最高积水位
2644,周边规划要求
2645,客流需求
2646,乘降安全
2647,疏导迅速
2648,布置紧凑
2649,便于管理
2650,短、直
2651,地下出入口通道
2652,5m
2653,人流股数
2654,楼梯宽度
2655,建筑模数
2656,人员疏散通行要求
2657,竖向刚度
2658,横向刚度
2659,整体性
2660,横行车方向
2661,橡胶板反力
2662,砟下胶垫层
2663,防锈处理
2664,钢结构
2665,钢连接件
2666,检修作业要求
2667,混凝土灌注
2668,振捣质量
2669,截面最小尺寸
2670,冻融危害环境
2671,硅酸盐水泥
2672,减小
2673,抗震设计
2674,“结构为功能服务”为原则
2675,结构安全
2676,耐久
2677,经济合理
2678,节点结构形式
2679,远期实施条件
2680,综合评价
2681,经济
2682,环境影响
2683,竖向荷载作用
2684,水泥用量
2685,高水化热水泥
2686,水胶比
2687,混凝土入模温度
2688,分节长度
2689,防水要求
2690,“以防为主，刚柔结合，多道设防，因地制宜，综合治理”的原则
2691,地下工程防水
2692,定级准确
2693,防水设计
2694,方案可靠
2695,施工简便
2696,环境安全
2697,施工环境条件
2698,结构构造型式
2699,防水等级要求
2700,选用卷材防水层
2701,涂料防水层
2702,塑料防水板防水层
2703,膨润土防水层
2704,物理力学性能
2705,施工工艺
2706,埋深水压
2707,止水带
2708,长期密封止水要求
2709,Y
2710,Z
2711,坐标轴
2712,至
2713,补充电源
2714,牵引用电负荷
2715,避雷线
2716,排流网
2717,结构钢筋
2718,不接地系统
2719,直流牵引供电系统
2720,900mm
2721,一级
2722,简洁实用
2723,员工卡
2724,防灾和应急指挥中心
2725,低廉
2726,线路短
2727,管线敷设
2728,交叉少
2729,双扇中分门
2730,0.15m/s
2731,直线
2732,90°
2733,180°
2734,远期列车编组数
2735,可靠锁闭
2736,专用钥匙开启
2737,硬线传输
2738,宜为1.3m～1.5m
2739,不应小于下式的计算值
2740,贯通式库型
2741,侧墙
2742,合建式
2743,地面出入口
2744,独立式
2745,附加力
2746,A类工程
2747,B类工程
2748,其他桥梁
2749,L0
2750,重点设防类
2751,抗震设防类别
2752,不燃材料
2753,统一尺寸
2754,微机控制
2755,平坡
2756,对接
2757,厂制缩短轨
2758,错接
2759,弹性扣件
2760,预制钢筋混凝土轨枕
2761,预应力混凝土枕
2762,反光材料
2763,综合接地系统
2764,集中式供电
2765,分散式供电
2766,混合式供电
2767,直流双导线制
2768,电动隔离开关
2769,成套装置
2770,变电所直流操作电源
2771,耐火铜芯电缆
2772,矿物绝缘耐火铜芯电缆
2773,刚性固定方式
2774,其他系统
2775,综合接地方式
2776,分设接地方式
2777,非金属加强芯
2778,合设方式
2779,ATC系统
2780,移动闭塞
2781,准移动闭塞制式
2782,热备冗余结构
2783,无人驾驶系统ATP地面/车载计算机设备
2784,ATO设备
2785,无人驾驶方式
2786,清分中心
2787,线路中心
2788,车站三级组网
2789,专用通信传输网
2790,地铁公共通信网络
2791,地铁全线火灾自动报警
2792,穿管布线
2793,传输网络组网
2794,平板显示器
2795,多媒体触摸屏
2796,软件系统
2797,层次性模型
2798,一点接地
2799,全数字的方式
2800,紧急开门按钮
2801,综合布线
2802,综合管线敷设方式
2803,室外型产品
2804,室外的自动扶梯
2805,不燃
2806,坚固
2807,其他结构类型
2808,室外型轮椅升降机
2809,露天出入口
2810,防滑材料
2811,相应的构造措施
2812,驱动电机
2813,冗余配置
2814,车辆检修
2815,其他含油废水
2816,渗透地面
2817,屋顶绿化
2818,技术经济比较
2819,液位自动控制、就地控制方式
2820,排水泵
2821,城市自来水
2822,地铁给水水源
2823,球墨铸铁给水管
2824,胶圈接口
2825,消声和减振措施
2826,地面变电所
2827,机械排风、自然进风的方式
2828,接缝防水
2829,防水措施
2830,复合式衬砌夹层防水层
2831,防腐蚀处理
2832,注浆材料
2833,分段统一
2834,高架车站轨道梁
2835,支承结构
2836,相关地面建筑
2837,人工式
2838,半自动或自动式
2839,可透视栅栏
2840,吸声处理
2841,隔声、吸声措施
2842,下沉式或全地下式
2843,站厅至地面上、下行
2844,中央空调
2845,路基排水设施
2846,坡面防护
2847,河水导流或改道等防护措施
2848,地面建筑合建式
2849,地下出入口通道长度
2850,26°34′倾角
2851,每一侧数量
2852,防淹措施
2853,无障碍电梯井出地面部分
2854,动力系数
2855,桥上轨道
2856,抗震设计及设防
2857,防治措施
2858,钢结构及钢连接件
2859,高效减水剂
2860,优质粉煤灰
2861,磨细矿渣
2862,工程自身风险
2863,环境风险
2864,限排
2865,沉管隧道管段接头
2866,无自爆
2867,低损耗
2868,低噪声
2869,运行条件
2870,停车检修
2871,抗电气干扰性能
2872,综合业务数字网络功能
2873,高可靠性
2874,高可用性
2875,高安全性
2876,自动售检票系统设备
2877,群组控制
2878,模式控制
2879,点动控制功能
2880,列车自动监控子系统
2881,设备状态自动监视功能
2882,集成系统的监控和管理
2883,时互联系统的监控
2884,安全性
2885,可靠性
2886,可扩充性
2887,使用灵活性
2888,中央监控管理级
2889,车站监控级
2890,现场控制级
2891,相关通信网络
2892,通风、空调与供暖系统
2893,给水与排水系统
2894,应急电源(EPS)
2895,不间断电源(UPS)系统
2896,乘客导向标识系统
2897,电梯设备
2898,防淹门系统
2899,温、湿度等环境参数的监测
2900,车站及区间机电设备监控
2901,执行防灾及阻塞模式
2902,车站环境监测
2903,系统用能计量
2904,设备节能运行管理与控制
2905,防灾和阻塞模式
2906,对环境参数进行统计
2907,软件体系
2908,可用性
2909,完整性
2910,保密性
2911,安全可靠性
2912,灵活性
2913,可扩展性
2914,与其他系统有一定的互连能力
2915,全数字传输
2916,车载控制器
2917,车载无线客户端
2918,图像存储设备
2919,网络设备
2920,客室终端显示屏
2921,接收ATS
2922,综合监控(或安防)
2923,综合管线
2924,防滑措施
2925,上下平台
2926,防止冰雪积聚设施
2927,乘客自行操作条件
2928,轨道侧
2929,三维调节功能
2930,消防荷载
2931,箱形结构
2932,100％竖向静活载
2933,50％站台人群荷载
2934,工程应用实际效果
2935,新材料
2936,新工艺
2937,新技术
2938,80人/km
2939,60人/km
2940,1200m
2941,－25℃～40℃
2942,90％
2943,25℃
2944,1435mm
2945,2000m
2946,30‰
2947,35‰
2948,40‰
2949,额定DC1500V
2950,DC1000V～DC1800V
2951,波动范围
2952,额定DC750V
2953,DC500V～DC900V
2954,840+4-0mm
2955,1mm
2956,2mm
2957,0.083m/s2
2958,720mm或660mm
2959,70N～140N
2960,120N～180N
2961,110V及24V
2962,600mm
2963,1800mm
2964,60km/h
2965,100km/h
2966,小于等于900mm
2967,3‰
2968,2‰
2969,1.5‰
2970,100年
2971,1/40～1/30
2972,2.5‰
2973,70mm～100mm
2974,60kg/m
2975,50kg/m
2976,3m
2977,20kN/mm～40kN/mm
2978,40kN/mm～60kN/mm
2979,1.4
2980,区间设计速度
2981,30km/h
2982,全轴距
2983,每路
2984,2h
2985,300m
2986,两根
2987,150mm
2988,600m
2989,均流线间距
2990,2根
2991,每处
2992,7dB
2993,3
2994,组
2995,每
2996,多
2997,至少
2998,1Ω
2999,两种
3000,较大
3001,30m
3002,10，000h
3003,系统平均无故障时间(MTBF
3004,最小
3005,5mm～10mm
3006,4．0kPa
3007,不应少于12．6m3
3008,不应少于30m3
3009,空调系统新风量
3010,不得超过60dBA
3011,低于－10℃
3012,不应小于C15
3013,不应小于100mm
3014,不应小于150mm
3015,不宜小于1．5mm
3016,不低于1．1m
3017,30°
3018,不小于500mm
3019,400mm
3020,不小于80mm宽
3021,超过三处
3022,小于90°
3023,超过100m
3024,大于10m
3025,不足10m
3026,大于3．6m
3027,不应超过18级
3028,每个梯段
3029,不应少于3级
3030,1．2m～1．8m
3031,休息平台长度
3032,不得小于16m
3033,不得小于8m
3034,不得小于12m
3035,车辆门宽度加停车误差
3036,高站台门高度
3037,不应低于1．2m
3038,低站台门高度
3039,大于15mm
3040,1．10m
3041,小于1．8m
3042,大于10mm
3043,大于5‰
3044,大于3‰
3045,无砟轨道梁单端竖向转角
3046,小于等于计算跨度的1/4000
3047,大于6mm
3048,1000kN
3049,500kN
3050,0．75kN/m
3051,0．36kN/m
3052,1．2m
3053,1．20m
3054,跨度
3055,小于0．25m
3056,超过20m
3057,L0/600
3058,不宜小于10Hz
3059,标准值8．0kPa
3060,不宜低于0．2％
3061,不宜大于150mm
3062,混凝土标号
3063,宜增加0．1％
3064,不得高于80℃
3065,不宜大于4×10-12m2/s
3066,不宜大于3×10-12m2/s
3067,轨面
3068,地板
3069,底架
3070,轨顶面
3071,接触导线
3072,正交
3073,水平轴
3074,垂直
3075,两线交叉处
3076,两线之间
3077,线路外侧
3078,两线间
3079,两线外侧
3080,站台对侧
3081,不得重叠
3082,车站端部
3083,顺岔方向
3084,逆向
3085,隧道变形缝
3086,梁缝
3087,两设备限界相交处
3088,地上相邻
3089,上、下行
3090,电缆支架
3091,电缆沟槽
3092,电气化库入口处
3093,隧道顶部
3094,司机室
3095,线网内
3096,综合接地网
3097,站场股道
3098,房屋规划布置
3099,一侧
3100,沿线
3101,喷射混凝土基层
3102,道岔全长范围
3103,车站负荷中心
3104,消防泵房
3105,站台面
3106,等候区梯门
3107,桥面以上
3108,贫水稳定地层
3109,结构迎水面
3110,复合式衬砌之间
